{
    "material": {
        "length": [
            6.77, 
            0.0
        ], 
        "weight": [
            53.58922046875, 
            0.0
        ], 
        "cost": [
            0.0, 
            0.0
        ]
    }, 
    "global": {
        "changes": {
            "support_enable": true
        }, 
        "all_settings": {
            "gradual_infill_steps": 0, 
            "flow_rate_max_extrusion_offset": 0, 
            "support_bottom_stair_step_height": 0.3, 
            "lightning_infill_support_angle": 40, 
            "conical_overhang_hole_size": 0, 
            "machine_feeder_wheel_diameter": 10.0, 
            "command_line_settings": 0, 
            "material_flush_purge_length": 60, 
            "support_line_width": 0.4, 
            "machine_nozzle_id": "unknown", 
            "magic_fuzzy_skin_point_dist": 0.8, 
            "max_skin_angle_for_expansion": 90, 
            "speed_support_interface": 40, 
            "acceleration_support_infill": 2000, 
            "infill_material_flow": 100, 
            "machine_disallowed_areas": [], 
            "machine_extruder_count": 2, 
            "cool_fan_speed_min": 50, 
            "machine_steps_per_mm_y": 50, 
            "machine_max_jerk_xy": 20.0, 
            "retraction_prime_speed": 15, 
            "wipe_pause": 0, 
            "xy_offset_layer_0": -0.020000000000000004, 
            "jerk_prime_tower": 20, 
            "machine_steps_per_mm_e": 1600, 
            "top_bottom_thickness": 1, 
            "wireframe_fall_down": 0.5, 
            "wireframe_top_delay": 0, 
            "raft_base_speed": 15, 
            "support_conical_angle": 30, 
            "roofing_angles": [], 
            "travel": 0, 
            "raft_surface_line_spacing": 0.4, 
            "machine_name": "Ultimaker S5", 
            "support_bottom_extruder_nr": 0, 
            "speed_equalize_flow_width_factor": 110.0, 
            "wipe_retraction_enable": true, 
            "support_bottom_height": 0.4, 
            "jerk_layer_0": 20, 
            "wireframe_enabled": false, 
            "smooth_spiralized_contours": true, 
            "support_bottom_stair_step_width": 5.0, 
            "machine_max_jerk_z": 0.4, 
            "support_bottom_density": 100, 
            "retraction_hop_after_extruder_switch_height": 2, 
            "material_end_of_filament_purge_length": 20, 
            "raft_speed": 15, 
            "raft_surface_layers": 2, 
            "material_adhesion_tendency": 10, 
            "support_top_distance": 0.4, 
            "meshfix_union_all_remove_holes": false, 
            "machine_max_acceleration_z": 100, 
            "mesh_position_x": 0, 
            "speed_topbottom": 20, 
            "machine_always_write_active_tool": false, 
            "cool_lift_head": false, 
            "jerk_wall_0": 20, 
            "switch_extruder_prime_speed": 15, 
            "wireframe_roof_inset": 3, 
            "retraction_count_max": 25, 
            "support_tree_max_diameter": 15, 
            "machine_acceleration": 3000, 
            "wall_line_width": 0.4, 
            "raft_interface_line_spacing": 0.8, 
            "speed_wall_x": 30, 
            "machine_endstop_positive_direction_z": true, 
            "skin_overlap_mm": 0.04, 
            "wall_line_width_0": 0.4, 
            "prime_tower_enable": false, 
            "machine_heat_zone_length": 16, 
            "mesh_rotation_matrix": "[[1,0,0], [0,1,0], [0,0,1]]", 
            "skirt_brim_material_flow": 100, 
            "raft_margin": 15, 
            "wall_thickness": 0.8, 
            "layer_start_x": 330.0, 
            "anti_overhang_mesh": false, 
            "acceleration_wall_0": 1500, 
            "support_initial_layer_line_distance": 2.6666666666666665, 
            "support_interface_skip_height": 0.2, 
            "prime_tower_min_volume": 6, 
            "ironing_enabled": false, 
            "speed_wall": 30, 
            "min_feature_size": 0.1, 
            "support_tower_diameter": 3.0, 
            "alternate_extra_perimeter": false, 
            "lightning_infill_overhang_angle": 40, 
            "small_hole_max_size": 0, 
            "draft_shield_dist": 10, 
            "support_brim_line_count": 17, 
            "acceleration_support_interface": 1000, 
            "support_angle": 60, 
            "speed_slowdown_layers": 2, 
            "retraction_hop_after_extruder_switch": true, 
            "acceleration_support_roof": 1000, 
            "prime_blob_enable": false, 
            "wireframe_flat_delay": 0.1, 
            "xy_offset": -0.020000000000000004, 
            "z_seam_x": 165.0, 
            "machine_max_jerk_e": 5.0, 
            "coasting_volume": 0.064, 
            "wireframe_printspeed_up": 5, 
            "mold_roof_height": 0.5, 
            "retraction_min_travel": 5, 
            "wipe_retraction_speed": 45, 
            "top_bottom_extruder_nr": "-1", 
            "machine_endstop_positive_direction_x": false, 
            "infill_line_width": 0.4, 
            "support_bottom_stair_step_min_slope": 10.0, 
            "bridge_fan_speed_2": 50, 
            "machine_depth": 240, 
            "nozzle_disallowed_areas": [], 
            "infill_wall_line_count": 0, 
            "material_no_load_move_factor": 0.940860215, 
            "skin_edge_support_layers": 4, 
            "acceleration_wall_x": 1500, 
            "machine_nozzle_expansion_angle": 45, 
            "extruder_prime_pos_z": 0, 
            "zig_zaggify_support": true, 
            "support_roof_enable": false, 
            "support_meshes_present": false, 
            "raft_interface_acceleration": 3500, 
            "brim_width": 7, 
            "machine_start_gcode": "", 
            "draft_shield_enabled": false, 
            "min_wall_line_width": 0.34, 
            "support_roof_line_distance": 0.4, 
            "machine_show_variants": false, 
            "support_roof_line_width": 0.4, 
            "retraction_extrusion_window": 1, 
            "cool_min_speed": 5, 
            "mesh_position_y": 0, 
            "retraction_combing": "no_outer_surfaces", 
            "skin_monotonic": false, 
            "retraction_hop_only_when_collides": true, 
            "machine_extruders_shared_nozzle_initial_retraction": 0, 
            "material_shrinkage_percentage_z": 100.1, 
            "machine_nozzle_cool_down_speed": 0.8, 
            "carve_multiple_volumes": true, 
            "skirt_line_count": 1, 
            "material_guid": "", 
            "wireframe_printspeed_bottom": 5, 
            "material_print_temp_prepend": true, 
            "support_zag_skip_count": 8, 
            "prime_tower_flow": 100, 
            "material_alternate_walls": false, 
            "support_roof_pattern": "concentric", 
            "machine_end_gcode": "", 
            "support_offset": 0, 
            "prime_tower_position_y": 207.64, 
            "support_bottom_line_distance": 0.4, 
            "wall_extruder_nr": "-1", 
            "wall_transition_angle": 10, 
            "support_connect_zigzags": true, 
            "wall_0_extruder_nr": "-1", 
            "support_interface_enable": false, 
            "switch_extruder_extra_prime_amount": 0, 
            "wireframe_top_jump": 0.6, 
            "infill_sparse_thickness": 0.2, 
            "machine_extruders_share_nozzle": false, 
            "machine_scale_fan_speed_zero_to_one": false, 
            "sub_div_rad_add": 0.4, 
            "raft_jerk": 20, 
            "bridge_skin_speed_2": 20, 
            "infill": 0, 
            "skin_material_flow": 95.0, 
            "machine_min_cool_heat_time_window": 15, 
            "flow_rate_extrusion_offset_factor": 100, 
            "machine_nozzle_size": 0.4, 
            "wall_material_flow": 100, 
            "material_break_preparation_speed": 2, 
            "coasting_min_volume": 0.8, 
            "gantry_height": 55, 
            "raft_remove_inside_corners": false, 
            "support": 0, 
            "speed_wall_0": 20, 
            "limit_support_retractions": true, 
            "material_crystallinity": false, 
            "speed_prime_tower": 20, 
            "support_tower_roof_angle": 65, 
            "support_mesh": false, 
            "machine_use_extruder_offset_to_offset_coords": true, 
            "machine_max_feedrate_y": 300, 
            "z_seam_corner": "z_seam_corner_inner", 
            "jerk_roofing": 20, 
            "wall_overhang_speed_factor": 100, 
            "speed": 0, 
            "speed_support_roof": 40, 
            "conical_overhang_enabled": false, 
            "support_xy_overrides_z": "z_overrides_xy", 
            "jerk_wall": 20, 
            "material_surface_energy": 100, 
            "acceleration_layer_0": 1000, 
            "skin_angles": [], 
            "wipe_repeat_count": 5, 
            "jerk_print": 20, 
            "support_roof_offset": 0, 
            "magic_fuzzy_skin_enabled": false, 
            "retraction_amount": 6.5, 
            "machine_settings": 0, 
            "layer_0_z_overlap": 0.125, 
            "max_extrusion_before_wipe": 10, 
            "bottom_skin_preshrink": 0.8, 
            "wipe_hop_enable": true, 
            "raft_smoothing": 5, 
            "brim_outside_only": true, 
            "raft_surface_speed": 40, 
            "roofing_layer_count": 1, 
            "material_break_retracted_position": -50, 
            "material_flow_dependent_temperature": false, 
            "prime_tower_line_width": 0.4, 
            "support_tree_angle": 40, 
            "skirt_gap": 3, 
            "resolution": 0, 
            "gradual_infill_step_height": 1.5, 
            "support_roof_density": 100, 
            "hole_xy_offset": 0, 
            "ironing_inset": 0.38, 
            "skirt_brim_line_width": 0.4, 
            "bridge_skin_material_flow": 95.0, 
            "raft_interface_fan_speed": 50.0, 
            "wall_overhang_angle": 90, 
            "speed_print": 35, 
            "support_infill_rate": 15, 
            "wipe_hop_amount": 2, 
            "machine_gcode_flavor": "Griffin", 
            "wireframe_bottom_delay": 0, 
            "mold_enabled": false, 
            "retraction_enable": true, 
            "dual": 0, 
            "wipe_retraction_extra_prime_amount": 0, 
            "retraction_speed": 45, 
            "machine_max_feedrate_x": 300, 
            "wall_transition_filter_deviation": 0.1, 
            "experimental": 0, 
            "prime_tower_size": 20, 
            "minimum_interface_area": 1.0, 
            "infill_angles": "[ ]", 
            "travel_avoid_distance": 3, 
            "brim_replaces_support": true, 
            "material_shrinkage_percentage_xy": 100.2, 
            "minimum_polygon_circumference": 1.0, 
            "bridge_fan_speed_3": 50, 
            "extruders_enabled_count": 2, 
            "machine_buildplate_type": "glass", 
            "infill_support_angle": 40, 
            "min_odd_wall_line_width": 0.34, 
            "speed_travel_layer_0": 85.71428571428571, 
            "ironing_flow": 10.0, 
            "skirt_brim_speed": 10, 
            "support_wall_count": 0, 
            "material_flow_temp_graph": "[[3.5,200],[7.0,240]]", 
            "alternate_carve_order": true, 
            "machine_heated_build_volume": true, 
            "cool_fan_speed": 50, 
            "adaptive_layer_height_threshold": 0.2, 
            "raft_interface_line_width": 0.6000000000000001, 
            "connect_skin_polygons": false, 
            "meshfix_keep_open_polygons": false, 
            "material_bed_temp_wait": true, 
            "material_print_temp_wait": true, 
            "raft_acceleration": 3500, 
            "travel_avoid_other_parts": true, 
            "retraction_combing_max_distance": 0, 
            "machine_nozzle_heat_up_speed": 1.4, 
            "layer_height": 0.2, 
            "material_break_preparation_retracted_position": -16, 
            "wireframe_flow_flat": 100, 
            "roofing_monotonic": true, 
            "top_thickness": 1, 
            "raft_base_jerk": 20, 
            "support_extruder_nr": 0, 
            "acceleration_wall": 1500, 
            "acceleration_skirt_brim": 1000, 
            "initial_bottom_layers": 5, 
            "raft_airgap": 0.25, 
            "raft_surface_line_width": 0.4, 
            "support_roof_extruder_nr": 0, 
            "machine_head_with_fans_polygon": [
                [
                    -41.4, 
                    -45.8
                ], 
                [
                    -41.4, 
                    36.0
                ], 
                [
                    63.3, 
                    36.0
                ], 
                [
                    63.3, 
                    -45.8
                ]
            ], 
            "raft_base_extruder_nr": 0, 
            "speed_print_layer_0": 20, 
            "support_roof_height": 0.4, 
            "raft_surface_jerk": 20, 
            "wireframe_roof_fall_down": 2, 
            "support_tree_branch_diameter": 2, 
            "inset_direction": "outside_in", 
            "bottom_thickness": 1, 
            "bridge_wall_speed": 20, 
            "skin_line_width": 0.4, 
            "z_seam_type": "sharpest_corner", 
            "machine_max_acceleration_y": 9000, 
            "support_tree_branch_distance": 1, 
            "bridge_skin_support_threshold": 50, 
            "support_skip_zag_per_mm": 20, 
            "cool_min_layer_time": 5, 
            "machine_nozzle_temp_enabled": true, 
            "support_interface_extruder_nr": 0, 
            "support_join_distance": 2.0, 
            "support_z_distance": 0.4, 
            "infill_randomize_start_location": false, 
            "line_width": 0.4, 
            "cutting_mesh": false, 
            "raft_base_fan_speed": 0, 
            "prime_tower_position_x": 297.64000000000004, 
            "top_bottom_pattern_0": "lines", 
            "magic_mesh_surface_mode": "normal", 
            "support_enable": true, 
            "wipe_retraction_prime_speed": 45, 
            "default_material_bed_temperature": 60, 
            "build_volume_temperature": 28, 
            "speed_layer_0": 20, 
            "min_bead_width": 0.34, 
            "jerk_support_bottom": 20, 
            "support_pattern": "zigzag", 
            "support_infill_sparse_thickness": 0.2, 
            "min_infill_area": 0, 
            "support_conical_enabled": false, 
            "infill_overlap": 0, 
            "jerk_ironing": 20, 
            "extruder_prime_pos_y": 0, 
            "remove_empty_first_layers": true, 
            "retract_at_layer_change": false, 
            "machine_shape": "rectangular", 
            "cool_min_layer_time_fan_speed_max": 10, 
            "zig_zaggify_infill": true, 
            "brim_gap": 0, 
            "layer_start_y": 228.0, 
            "material_end_of_filament_purge_speed": 0.5, 
            "multiple_mesh_overlap": 0, 
            "ironing_line_spacing": 0.1, 
            "jerk_travel_enabled": false, 
            "support_interface_line_width": 0.4, 
            "speed_ironing": 13.333333333333334, 
            "support_xy_distance_overhang": 0.2, 
            "machine_max_acceleration_e": 10000, 
            "bottom_skin_expand_distance": 0.8, 
            "roofing_extruder_nr": "-1", 
            "wireframe_roof_outer_delay": 0.2, 
            "acceleration_ironing": 1000, 
            "top_bottom": 0, 
            "speed_travel": 150, 
            "mold_width": 5, 
            "top_bottom_pattern": "lines", 
            "retraction_extra_prime_amount": 0, 
            "skin_outline_count": 1, 
            "machine_max_feedrate_z": 40, 
            "bridge_skin_speed": 20, 
            "min_skin_width_for_expansion": 6.123233995736766e-17, 
            "machine_width": 330, 
            "material_initial_print_temperature": 190, 
            "coasting_speed": 90, 
            "infill_line_distance": 6.0, 
            "wireframe_printspeed": 5, 
            "skirt_brim_extruder_nr": 0, 
            "acceleration_print": 3500, 
            "support_conical_min_width": 5.0, 
            "infill_enable_travel_optimization": false, 
            "travel_retract_before_outer_wall": false, 
            "raft_surface_thickness": 0.2, 
            "top_skin_preshrink": 0.8, 
            "shell": 0, 
            "acceleration_support_bottom": 1000, 
            "support_bottom_distance": 0.2, 
            "center_object": false, 
            "wipe_brush_pos_x": 100, 
            "jerk_print_layer_0": 20, 
            "raft_base_acceleration": 3500, 
            "material_bed_temp_prepend": true, 
            "support_supported_skin_fan_speed": 100, 
            "z_seam_position": "back", 
            "z_seam_y": 240, 
            "wall_0_material_flow": 100, 
            "travel_avoid_supports": false, 
            "skin_preshrink": 0.8, 
            "bridge_skin_density_2": 100, 
            "ironing_pattern": "zigzag", 
            "raft_interface_jerk": 20, 
            "default_material_print_temperature": 200, 
            "support_tree_branch_diameter_angle": 5, 
            "expand_skins_expand_distance": 0.8, 
            "material_break_speed": 25, 
            "raft_interface_speed": 27.5, 
            "acceleration_travel_enabled": false, 
            "acceleration_support": 2000, 
            "blackmagic": 0, 
            "coasting_enable": false, 
            "machine_center_is_zero": false, 
            "fill_outline_gaps": true, 
            "support_line_distance": 2.6666666666666665, 
            "machine_nozzle_tip_outer_diameter": 1, 
            "support_tower_maximum_supported_diameter": 3.0, 
            "bridge_skin_speed_3": 20, 
            "speed_infill": 35, 
            "roofing_line_width": 0.4, 
            "material_flush_purge_speed": 0.5, 
            "raft_base_line_width": 0.8, 
            "infill_mesh_order": 0, 
            "jerk_travel": 20, 
            "support_bottom_offset": 0, 
            "adhesion_type": "brim", 
            "switch_extruder_retraction_speed": 20, 
            "machine_endstop_positive_direction_y": false, 
            "minimum_support_area": 4, 
            "gradual_support_infill_steps": 0, 
            "speed_support_bottom": 40, 
            "magic_fuzzy_skin_thickness": 0.3, 
            "wall_x_extruder_nr": "-1", 
            "switch_extruder_retraction_amount": 8, 
            "skin_no_small_gaps_heuristic": false, 
            "material_final_print_temperature": 185, 
            "material_diameter": 2.85, 
            "skin_edge_support_thickness": 0.8, 
            "prime_tower_brim_enable": false, 
            "support_interface_pattern": "concentric", 
            "wireframe_roof_drag_along": 0.8, 
            "wipe_retraction_retract_speed": 45, 
            "minimum_bottom_area": 1.0, 
            "wall_transition_length": 0.4, 
            "infill_pattern": "triangles", 
            "slicing_tolerance": "middle", 
            "speed_support": 50, 
            "meshfix_maximum_deviation": 0.04, 
            "material_standby_temperature": 100, 
            "bridge_wall_coast": 0, 
            "ironing_monotonic": false, 
            "material": 0, 
            "cross_infill_pocket_size": 6.0, 
            "machine_steps_per_mm_x": 50, 
            "bridge_skin_material_flow_3": 95.0, 
            "jerk_support_roof": 20, 
            "wall_0_wipe_dist": 0.2, 
            "infill_extruder_nr": "-1", 
            "meshfix_maximum_travel_resolution": 0.8, 
            "acceleration_travel": 1500, 
            "cool_fan_full_layer": 6, 
            "acceleration_print_layer_0": 1000, 
            "ooze_shield_dist": 2, 
            "jerk_support_infill": 20, 
            "support_skip_some_zags": false, 
            "support_structure": "normal", 
            "draft_shield_height": 10, 
            "material_anti_ooze_retraction_speed": 5, 
            "support_roof_material_flow": 95.0, 
            "support_mesh_drop_down": true, 
            "material_break_preparation_temperature": 200, 
            "adhesion_extruder_nr": 0, 
            "wall_0_inset": 0, 
            "ironing_only_highest_layer": false, 
            "cool_fan_full_at_height": 1.0, 
            "conical_overhang_angle": 50, 
            "wireframe_strategy": "compensate", 
            "support_bottom_line_width": 0.4, 
            "minimum_roof_area": 1.0, 
            "magic_spiralize": false, 
            "support_extruder_nr_layer_0": 0, 
            "wireframe_printspeed_flat": 5, 
            "top_layers": 5, 
            "adaptive_layer_height_variation_step": 0.01, 
            "wall_transition_filter_distance": 100, 
            "acceleration_travel_layer_0": 428.57142857142856, 
            "machine_extruders_share_heater": false, 
            "jerk_enabled": true, 
            "speed_z_hop": 10, 
            "jerk_topbottom": 20, 
            "machine_nozzle_head_distance": 3, 
            "initial_layer_line_width_factor": 120, 
            "platform_adhesion": 0, 
            "jerk_travel_layer_0": 20.0, 
            "cross_support_density_image": "", 
            "cool_fan_speed_max": 100, 
            "infill_overlap_mm": 0.0, 
            "mesh_position_z": 0, 
            "support_roof_angles": "[ ]", 
            "support_interface_angles": "[ ]", 
            "acceleration_prime_tower": 2000, 
            "wall_line_count": 2, 
            "optimize_wall_printing_order": true, 
            "layer_height_0": 0.2, 
            "small_feature_max_length": 0.0, 
            "small_feature_speed_factor_0": 50, 
            "material_flow_layer_0": 100, 
            "connect_infill_polygons": false, 
            "adaptive_layer_height_enabled": false, 
            "retraction_hop_enabled": true, 
            "meshfix_union_all": true, 
            "raft_interface_extruder_nr": 0, 
            "bridge_wall_material_flow": 100, 
            "raft_surface_fan_speed": 100, 
            "material_bed_temperature": 60, 
            "jerk_support": 20, 
            "raft_surface_acceleration": 3500, 
            "jerk_skirt_brim": 20, 
            "gradual_support_infill_step_height": 0.8, 
            "infill_before_walls": true, 
            "material_flow": 100, 
            "machine_height": 300, 
            "material_anti_ooze_retracted_position": -4, 
            "retraction_retract_speed": 45, 
            "wipe_move_distance": 20, 
            "machine_minimum_feedrate": 0.0, 
            "raft_fan_speed": 0, 
            "ooze_shield_enabled": false, 
            "meshfix_extensive_stitching": false, 
            "acceleration_roofing": 1000, 
            "material_extrusion_cool_down_speed": 0.7, 
            "support_type": "everywhere", 
            "ooze_shield_angle": 60, 
            "machine_heated_bed": true, 
            "bridge_wall_min_length": 2.4, 
            "support_xy_distance": 1, 
            "bridge_enable_more_layers": false, 
            "wipe_retraction_amount": 6.5, 
            "acceleration_infill": 3500, 
            "raft_surface_extruder_nr": 0, 
            "bridge_skin_density": 80, 
            "wipe_hop_speed": 10, 
            "lightning_infill_prune_angle": 40, 
            "cool_fan_speed_0": 0, 
            "material_print_temperature": 200, 
            "support_infill_extruder_nr": 0, 
            "print_sequence": "all_at_once", 
            "clean_between_layers": false, 
            "skirt_brim_minimal_length": 250, 
            "support_fan_enable": false, 
            "support_bottom_material_flow": 95.0, 
            "wireframe_straight_before_down": 20, 
            "support_interface_material_flow": 95.0, 
            "brim_line_count": 15, 
            "cooling": 0, 
            "jerk_support_interface": 20, 
            "bridge_settings_enabled": true, 
            "roofing_pattern": "lines", 
            "acceleration_topbottom": 1000, 
            "small_feature_speed_factor": 50, 
            "wireframe_printspeed_down": 5, 
            "material_maximum_park_duration": 300, 
            "skin_material_flow_layer_0": 100, 
            "adaptive_layer_height_variation": 0.1, 
            "wall_0_material_flow_layer_0": 100, 
            "support_use_towers": false, 
            "prime_tower_wipe_enabled": true, 
            "bridge_fan_speed": 100, 
            "z_seam_relative": false, 
            "raft_interface_layers": 1, 
            "support_interface_density": 100, 
            "extruder_prime_pos_x": 0, 
            "retraction_hop": 2, 
            "material_break_temperature": 50, 
            "wireframe_flow": 100, 
            "machine_firmware_retract": false, 
            "infill_wipe_dist": 0, 
            "mold_angle": 40, 
            "support_interface_offset": 0, 
            "roofing_material_flow": 100, 
            "cool_fan_enabled": true, 
            "support_brim_width": 8.0, 
            "wireframe_up_half_speed": 0.3, 
            "support_interface_height": 0.4, 
            "raft_base_line_spacing": 1.6, 
            "jerk_wall_x": 20, 
            "switch_extruder_retraction_speeds": 20, 
            "bridge_skin_material_flow_2": 95.0, 
            "raft_interface_thickness": 0.25, 
            "bridge_sparse_infill_max_density": 0, 
            "support_bottom_pattern": "concentric", 
            "support_tree_collision_resolution": 0.2, 
            "support_infill_angles": "[ ]", 
            "support_material_flow": 100, 
            "top_skin_expand_distance": 0.8, 
            "speed_roofing": 20, 
            "support_bottom_enable": false, 
            "raft_base_thickness": 0.3, 
            "machine_max_acceleration_x": 9000, 
            "infill_support_enabled": false, 
            "cross_infill_density_image": "", 
            "infill_offset_y": 0, 
            "speed_support_infill": 50, 
            "material_bed_temperature_layer_0": 60, 
            "acceleration_enabled": true, 
            "meshfix_maximum_extrusion_area_deviation": 50000, 
            "relative_extrusion": false, 
            "bridge_skin_density_3": 100, 
            "meshfix_maximum_resolution": 0.5, 
            "infill_mesh": false, 
            "material_shrinkage_percentage": 100.0, 
            "wireframe_flow_connection": 100, 
            "lightning_infill_straightening_angle": 40, 
            "wall_x_material_flow_layer_0": 100, 
            "infill_offset_x": 0, 
            "material_print_temperature_layer_0": 200, 
            "wireframe_drag_along": 0.6, 
            "wireframe_height": 3, 
            "min_even_wall_line_width": 0.34, 
            "support_bottom_angles": "[ ]", 
            "wall_distribution_count": 1, 
            "wireframe_nozzle_clearance": 1, 
            "support_brim_enable": false, 
            "infill_multiplier": 1, 
            "magic_fuzzy_skin_outside_only": false, 
            "infill_sparse_density": 20, 
            "skin_overlap": 10, 
            "bottom_layers": 5, 
            "machine_steps_per_mm_z": 50, 
            "wall_x_material_flow": 100, 
            "jerk_infill": 20, 
            "wall_line_width_x": 0.4, 
            "meshfix": 0, 
            "draft_shield_height_limitation": "full", 
            "magic_fuzzy_skin_point_density": 1.25, 
            "machine_max_feedrate_e": 45, 
            "raft_base_wall_count": 1, 
            "extruder_prime_pos_abs": true
        }
    }, 
    "intent": "default", 
    "quality": "Fast", 
    "extruder_0": {
        "changes": {
            "infill_sparse_density": 80
        }, 
        "all_settings": {
            "gradual_infill_steps": 0, 
            "flow_rate_max_extrusion_offset": 0, 
            "support_bottom_stair_step_height": 0.3, 
            "lightning_infill_support_angle": 40, 
            "conical_overhang_hole_size": 0, 
            "machine_feeder_wheel_diameter": 10.0, 
            "command_line_settings": 0, 
            "material_flush_purge_length": 60, 
            "support_line_width": 0.4, 
            "machine_nozzle_id": "AA 0.4", 
            "magic_fuzzy_skin_point_dist": 0.8, 
            "max_skin_angle_for_expansion": 90, 
            "speed_support_interface": 40, 
            "acceleration_support_infill": 2000, 
            "infill_material_flow": 100, 
            "machine_disallowed_areas": [], 
            "machine_extruder_count": 2, 
            "cool_fan_speed_min": 100, 
            "machine_steps_per_mm_y": 50, 
            "machine_max_jerk_xy": 20.0, 
            "retraction_prime_speed": 45, 
            "wipe_pause": 0, 
            "xy_offset_layer_0": -0.020000000000000004, 
            "jerk_prime_tower": 20, 
            "machine_steps_per_mm_e": 1600, 
            "top_bottom_thickness": 0.8, 
            "wireframe_fall_down": 0.5, 
            "wireframe_top_delay": 0, 
            "raft_base_speed": 15, 
            "support_conical_angle": 30, 
            "roofing_angles": [], 
            "travel": 0, 
            "raft_surface_line_spacing": 0.4, 
            "machine_name": "Ultimaker S5", 
            "support_bottom_extruder_nr": 0, 
            "speed_equalize_flow_width_factor": 110.0, 
            "wipe_retraction_enable": true, 
            "support_bottom_height": 0.4, 
            "jerk_layer_0": 20, 
            "wireframe_enabled": false, 
            "smooth_spiralized_contours": true, 
            "support_bottom_stair_step_width": 5.0, 
            "machine_max_jerk_z": 0.4, 
            "support_bottom_density": 100, 
            "retraction_hop_after_extruder_switch_height": 2, 
            "material_end_of_filament_purge_length": 20, 
            "raft_speed": 15, 
            "raft_surface_layers": 2, 
            "material_adhesion_tendency": 0, 
            "support_top_distance": 0.4, 
            "meshfix_union_all_remove_holes": false, 
            "machine_max_acceleration_z": 100, 
            "mesh_position_x": 0, 
            "speed_topbottom": 40, 
            "machine_always_write_active_tool": false, 
            "cool_lift_head": false, 
            "jerk_wall_0": 20, 
            "switch_extruder_prime_speed": 20, 
            "wireframe_roof_inset": 3, 
            "retraction_count_max": 25, 
            "support_tree_max_diameter": 15, 
            "machine_acceleration": 3000, 
            "wall_line_width": 0.4, 
            "raft_interface_line_spacing": 0.8, 
            "speed_wall_x": 55, 
            "machine_endstop_positive_direction_z": true, 
            "skin_overlap_mm": 0.08, 
            "wall_line_width_0": 0.4, 
            "prime_tower_enable": false, 
            "machine_heat_zone_length": 16, 
            "mesh_rotation_matrix": "[[1,0,0], [0,1,0], [0,0,1]]", 
            "skirt_brim_material_flow": 100, 
            "raft_margin": 15, 
            "wall_thickness": 0.8, 
            "layer_start_x": 330.0, 
            "anti_overhang_mesh": false, 
            "acceleration_wall_0": 2000, 
            "support_initial_layer_line_distance": 2.6666666666666665, 
            "support_interface_skip_height": 0.2, 
            "prime_tower_min_volume": 6, 
            "ironing_enabled": false, 
            "speed_wall": 55, 
            "min_feature_size": 0.1, 
            "support_tower_diameter": 3.0, 
            "alternate_extra_perimeter": false, 
            "lightning_infill_overhang_angle": 40, 
            "small_hole_max_size": 0, 
            "draft_shield_dist": 10, 
            "support_brim_line_count": 17, 
            "acceleration_support_interface": 1000, 
            "support_angle": 60, 
            "speed_slowdown_layers": 2, 
            "retraction_hop_after_extruder_switch": true, 
            "acceleration_support_roof": 1000, 
            "prime_blob_enable": false, 
            "wireframe_flat_delay": 0.1, 
            "xy_offset": -0.020000000000000004, 
            "z_seam_x": 165.0, 
            "machine_max_jerk_e": 5.0, 
            "coasting_volume": 0.064, 
            "wireframe_printspeed_up": 5, 
            "mold_roof_height": 0.5, 
            "retraction_min_travel": 0.8, 
            "wipe_retraction_speed": 45, 
            "top_bottom_extruder_nr": "-1", 
            "machine_endstop_positive_direction_x": false, 
            "infill_line_width": 0.4, 
            "support_bottom_stair_step_min_slope": 10.0, 
            "bridge_fan_speed_2": 100, 
            "machine_depth": 240, 
            "nozzle_disallowed_areas": [], 
            "infill_wall_line_count": 0, 
            "material_no_load_move_factor": 0.91, 
            "skin_edge_support_layers": 0, 
            "acceleration_wall_x": 2000, 
            "machine_nozzle_expansion_angle": 45, 
            "extruder_prime_pos_z": 2, 
            "zig_zaggify_support": true, 
            "support_roof_enable": false, 
            "support_meshes_present": false, 
            "raft_interface_acceleration": 3500, 
            "brim_width": 7, 
            "machine_start_gcode": "", 
            "draft_shield_enabled": false, 
            "min_wall_line_width": 0.34, 
            "support_roof_line_distance": 0.4, 
            "machine_show_variants": false, 
            "support_roof_line_width": 0.4, 
            "retraction_extrusion_window": 1, 
            "cool_min_speed": 5, 
            "mesh_position_y": 0, 
            "retraction_combing": "no_outer_surfaces", 
            "skin_monotonic": false, 
            "retraction_hop_only_when_collides": true, 
            "machine_extruders_shared_nozzle_initial_retraction": 0, 
            "material_shrinkage_percentage_z": 100.1, 
            "machine_extruder_end_pos_abs": true, 
            "machine_nozzle_cool_down_speed": 0.75, 
            "carve_multiple_volumes": true, 
            "skirt_line_count": 1, 
            "material_guid": "506c9f0d-e3aa-4bd4-b2d2-23e2425b1aa9", 
            "wireframe_printspeed_bottom": 5, 
            "material_print_temp_prepend": true, 
            "support_zag_skip_count": 8, 
            "prime_tower_flow": 100, 
            "material_alternate_walls": false, 
            "support_roof_pattern": "concentric", 
            "machine_end_gcode": "", 
            "support_offset": 0, 
            "prime_tower_position_y": 207.64, 
            "support_bottom_line_distance": 0.4, 
            "wall_extruder_nr": "-1", 
            "wall_transition_angle": 10, 
            "support_connect_zigzags": true, 
            "wall_0_extruder_nr": "-1", 
            "support_interface_enable": false, 
            "switch_extruder_extra_prime_amount": 0, 
            "wireframe_top_jump": 0.6, 
            "infill_sparse_thickness": 0.2, 
            "machine_extruders_share_nozzle": false, 
            "machine_scale_fan_speed_zero_to_one": false, 
            "sub_div_rad_add": 0.4, 
            "raft_jerk": 20, 
            "bridge_skin_speed_2": 40, 
            "infill": 0, 
            "skin_material_flow": 95.0, 
            "machine_min_cool_heat_time_window": 15, 
            "flow_rate_extrusion_offset_factor": 100, 
            "machine_nozzle_size": 0.4, 
            "wall_material_flow": 100, 
            "material_break_preparation_speed": 50, 
            "coasting_min_volume": 0.8, 
            "gantry_height": 55, 
            "raft_remove_inside_corners": false, 
            "support": 0, 
            "speed_wall_0": 50, 
            "limit_support_retractions": true, 
            "material_crystallinity": false, 
            "speed_prime_tower": 40, 
            "support_tower_roof_angle": 65, 
            "support_mesh": false, 
            "machine_use_extruder_offset_to_offset_coords": true, 
            "machine_max_feedrate_y": 300, 
            "z_seam_corner": "z_seam_corner_inner", 
            "jerk_roofing": 20, 
            "wall_overhang_speed_factor": 100, 
            "speed": 0, 
            "speed_support_roof": 40, 
            "conical_overhang_enabled": false, 
            "support_xy_overrides_z": "z_overrides_xy", 
            "jerk_wall": 20, 
            "material_surface_energy": 100, 
            "acceleration_layer_0": 1000, 
            "skin_angles": [], 
            "wipe_repeat_count": 5, 
            "jerk_print": 20, 
            "support_roof_offset": 0, 
            "magic_fuzzy_skin_enabled": false, 
            "retraction_amount": 6.5, 
            "machine_settings": 0, 
            "layer_0_z_overlap": 0.125, 
            "max_extrusion_before_wipe": 10, 
            "bottom_skin_preshrink": 0.8, 
            "wipe_hop_enable": true, 
            "raft_smoothing": 5, 
            "brim_outside_only": true, 
            "raft_surface_speed": 40, 
            "roofing_layer_count": 1, 
            "material_break_retracted_position": -50, 
            "material_flow_dependent_temperature": false, 
            "machine_extruder_end_pos_y": 237, 
            "prime_tower_line_width": 0.4, 
            "support_tree_angle": 40, 
            "skirt_gap": 3, 
            "resolution": 0, 
            "gradual_infill_step_height": 1.5, 
            "support_roof_density": 100, 
            "hole_xy_offset": 0, 
            "ironing_inset": 0.38, 
            "skirt_brim_line_width": 0.4, 
            "bridge_skin_material_flow": 95.0, 
            "raft_interface_fan_speed": 50.0, 
            "wall_overhang_angle": 90, 
            "speed_print": 70, 
            "support_infill_rate": 15, 
            "wipe_hop_amount": 2, 
            "machine_gcode_flavor": "Griffin", 
            "wireframe_bottom_delay": 0, 
            "mold_enabled": false, 
            "retraction_enable": true, 
            "dual": 0, 
            "wipe_retraction_extra_prime_amount": 0, 
            "retraction_speed": 45, 
            "machine_max_feedrate_x": 300, 
            "wall_transition_filter_deviation": 0.1, 
            "experimental": 0, 
            "prime_tower_size": 20, 
            "minimum_interface_area": 1.0, 
            "infill_angles": "[ ]", 
            "travel_avoid_distance": 3, 
            "brim_replaces_support": true, 
            "material_shrinkage_percentage_xy": 100.2, 
            "minimum_polygon_circumference": 1.0, 
            "bridge_fan_speed_3": 100, 
            "extruders_enabled_count": 2, 
            "machine_buildplate_type": "glass", 
            "infill_support_angle": 40, 
            "min_odd_wall_line_width": 0.34, 
            "speed_travel_layer_0": 21.428571428571427, 
            "ironing_flow": 10.0, 
            "skirt_brim_speed": 10, 
            "support_wall_count": 0, 
            "material_flow_temp_graph": "[[3.5,200],[7.0,240]]", 
            "alternate_carve_order": true, 
            "machine_heated_build_volume": true, 
            "cool_fan_speed": 100, 
            "adaptive_layer_height_threshold": 0.2, 
            "raft_interface_line_width": 0.6000000000000001, 
            "connect_skin_polygons": false, 
            "machine_extruder_start_pos_y": 237, 
            "meshfix_keep_open_polygons": false, 
            "material_bed_temp_wait": true, 
            "material_print_temp_wait": true, 
            "raft_acceleration": 3500, 
            "travel_avoid_other_parts": true, 
            "retraction_combing_max_distance": 0, 
            "machine_nozzle_heat_up_speed": 1.6, 
            "layer_height": 0.2, 
            "material_break_preparation_retracted_position": -16, 
            "wireframe_flow_flat": 100, 
            "roofing_monotonic": true, 
            "top_thickness": 0.8, 
            "raft_base_jerk": 20, 
            "support_extruder_nr": 0, 
            "acceleration_wall": 2000, 
            "acceleration_skirt_brim": 1000, 
            "initial_bottom_layers": 4, 
            "raft_airgap": 0.25, 
            "raft_surface_line_width": 0.4, 
            "support_roof_extruder_nr": 0, 
            "machine_head_with_fans_polygon": [
                [
                    -41.4, 
                    -45.8
                ], 
                [
                    -41.4, 
                    36.0
                ], 
                [
                    63.3, 
                    36.0
                ], 
                [
                    63.3, 
                    -45.8
                ]
            ], 
            "raft_base_extruder_nr": 0, 
            "speed_print_layer_0": 10, 
            "support_roof_height": 0.4, 
            "raft_surface_jerk": 20, 
            "wireframe_roof_fall_down": 2, 
            "support_tree_branch_diameter": 2, 
            "inset_direction": "outside_in", 
            "bottom_thickness": 0.8, 
            "bridge_wall_speed": 40, 
            "skin_line_width": 0.4, 
            "z_seam_type": "sharpest_corner", 
            "machine_max_acceleration_y": 9000, 
            "support_tree_branch_distance": 1, 
            "bridge_skin_support_threshold": 50, 
            "support_skip_zag_per_mm": 20, 
            "cool_min_layer_time": 5, 
            "machine_nozzle_temp_enabled": true, 
            "support_interface_extruder_nr": 0, 
            "support_join_distance": 2.0, 
            "support_z_distance": 0.4, 
            "infill_randomize_start_location": false, 
            "line_width": 0.4, 
            "cutting_mesh": false, 
            "raft_base_fan_speed": 0, 
            "prime_tower_position_x": 297.64000000000004, 
            "top_bottom_pattern_0": "lines", 
            "magic_mesh_surface_mode": "normal", 
            "support_enable": true, 
            "wipe_retraction_prime_speed": 45, 
            "default_material_bed_temperature": 60, 
            "build_volume_temperature": 28, 
            "speed_layer_0": 10, 
            "min_bead_width": 0.34, 
            "jerk_support_bottom": 20, 
            "support_pattern": "zigzag", 
            "support_infill_sparse_thickness": 0.2, 
            "min_infill_area": 0, 
            "support_conical_enabled": false, 
            "infill_overlap": 0, 
            "jerk_ironing": 20, 
            "extruder_prime_pos_y": 6, 
            "remove_empty_first_layers": true, 
            "retract_at_layer_change": false, 
            "machine_shape": "rectangular", 
            "cool_min_layer_time_fan_speed_max": 10, 
            "zig_zaggify_infill": true, 
            "brim_gap": 0, 
            "layer_start_y": 228.0, 
            "material_end_of_filament_purge_speed": 0.5, 
            "multiple_mesh_overlap": 0, 
            "machine_extruder_start_pos_abs": true, 
            "ironing_line_spacing": 0.1, 
            "jerk_travel_enabled": false, 
            "support_interface_line_width": 0.4, 
            "speed_ironing": 26.666666666666668, 
            "support_xy_distance_overhang": 0.2, 
            "extruder_nr": 0, 
            "machine_max_acceleration_e": 10000, 
            "bottom_skin_expand_distance": 0.8, 
            "roofing_extruder_nr": "-1", 
            "wireframe_roof_outer_delay": 0.2, 
            "acceleration_ironing": 1000, 
            "top_bottom": 0, 
            "speed_travel": 150, 
            "mold_width": 5, 
            "top_bottom_pattern": "lines", 
            "retraction_extra_prime_amount": 0, 
            "skin_outline_count": 1, 
            "machine_max_feedrate_z": 40, 
            "bridge_skin_speed": 40, 
            "min_skin_width_for_expansion": 4.898587196589413e-17, 
            "machine_width": 330, 
            "material_initial_print_temperature": 195, 
            "coasting_speed": 90, 
            "infill_line_distance": 1.5, 
            "machine_extruder_end_pos_x": 330, 
            "wireframe_printspeed": 5, 
            "skirt_brim_extruder_nr": 0, 
            "acceleration_print": 3500, 
            "support_conical_min_width": 5.0, 
            "infill_enable_travel_optimization": false, 
            "travel_retract_before_outer_wall": false, 
            "raft_surface_thickness": 0.2, 
            "top_skin_preshrink": 0.8, 
            "shell": 0, 
            "acceleration_support_bottom": 1000, 
            "support_bottom_distance": 0.2, 
            "center_object": false, 
            "wipe_brush_pos_x": 100, 
            "jerk_print_layer_0": 20, 
            "raft_base_acceleration": 3500, 
            "material_bed_temp_prepend": true, 
            "support_supported_skin_fan_speed": 100, 
            "z_seam_position": "back", 
            "z_seam_y": 240, 
            "wall_0_material_flow": 100, 
            "machine_nozzle_offset_y": 0, 
            "travel_avoid_supports": false, 
            "skin_preshrink": 0.8, 
            "bridge_skin_density_2": 100, 
            "ironing_pattern": "zigzag", 
            "raft_interface_jerk": 20, 
            "default_material_print_temperature": 200, 
            "support_tree_branch_diameter_angle": 5, 
            "expand_skins_expand_distance": 0.8, 
            "material_break_speed": 25, 
            "raft_interface_speed": 27.5, 
            "acceleration_travel_enabled": false, 
            "acceleration_support": 2000, 
            "blackmagic": 0, 
            "coasting_enable": false, 
            "machine_center_is_zero": false, 
            "fill_outline_gaps": true, 
            "support_line_distance": 2.6666666666666665, 
            "machine_nozzle_tip_outer_diameter": 1.0, 
            "support_tower_maximum_supported_diameter": 3.0, 
            "bridge_skin_speed_3": 40, 
            "speed_infill": 70, 
            "roofing_line_width": 0.4, 
            "material_flush_purge_speed": 0.5, 
            "raft_base_line_width": 0.8, 
            "infill_mesh_order": 0, 
            "jerk_travel": 20, 
            "support_bottom_offset": 0, 
            "adhesion_type": "brim", 
            "switch_extruder_retraction_speed": 20, 
            "machine_endstop_positive_direction_y": false, 
            "minimum_support_area": 4, 
            "gradual_support_infill_steps": 0, 
            "speed_support_bottom": 40, 
            "magic_fuzzy_skin_thickness": 0.3, 
            "wall_x_extruder_nr": "-1", 
            "switch_extruder_retraction_amount": 16, 
            "skin_no_small_gaps_heuristic": false, 
            "material_final_print_temperature": 190, 
            "material_diameter": 2.85, 
            "skin_edge_support_thickness": 0, 
            "prime_tower_brim_enable": false, 
            "support_interface_pattern": "concentric", 
            "wireframe_roof_drag_along": 0.8, 
            "wipe_retraction_retract_speed": 45, 
            "minimum_bottom_area": 1.0, 
            "wall_transition_length": 0.4, 
            "infill_pattern": "triangles", 
            "slicing_tolerance": "middle", 
            "machine_nozzle_offset_x": 0, 
            "speed_support": 50, 
            "meshfix_maximum_deviation": 0.04, 
            "material_standby_temperature": 100, 
            "bridge_wall_coast": 0, 
            "ironing_monotonic": false, 
            "material": 0, 
            "cross_infill_pocket_size": 1.5, 
            "machine_steps_per_mm_x": 50, 
            "bridge_skin_material_flow_3": 95.0, 
            "jerk_support_roof": 20, 
            "wall_0_wipe_dist": 0.2, 
            "infill_extruder_nr": "-1", 
            "meshfix_maximum_travel_resolution": 0.8, 
            "acceleration_travel": 2000, 
            "cool_fan_full_layer": 4, 
            "acceleration_print_layer_0": 1000, 
            "ooze_shield_dist": 2, 
            "machine_extruder_end_code": "", 
            "jerk_support_infill": 20, 
            "support_skip_some_zags": false, 
            "support_structure": "normal", 
            "draft_shield_height": 10, 
            "material_anti_ooze_retraction_speed": 50, 
            "support_roof_material_flow": 95.0, 
            "support_mesh_drop_down": true, 
            "material_break_preparation_temperature": 210, 
            "adhesion_extruder_nr": 0, 
            "wall_0_inset": 0, 
            "ironing_only_highest_layer": false, 
            "cool_fan_full_at_height": 0.6000000000000001, 
            "conical_overhang_angle": 50, 
            "wireframe_strategy": "compensate", 
            "support_bottom_line_width": 0.4, 
            "minimum_roof_area": 1.0, 
            "magic_spiralize": false, 
            "support_extruder_nr_layer_0": 0, 
            "wireframe_printspeed_flat": 5, 
            "top_layers": 4, 
            "adaptive_layer_height_variation_step": 0.01, 
            "wall_transition_filter_distance": 100, 
            "acceleration_travel_layer_0": 571.4285714285714, 
            "machine_extruders_share_heater": false, 
            "jerk_enabled": true, 
            "speed_z_hop": 10, 
            "machine_extruder_start_code": "", 
            "jerk_topbottom": 20, 
            "machine_nozzle_head_distance": 3, 
            "platform_adhesion": 0, 
            "initial_layer_line_width_factor": 120, 
            "jerk_travel_layer_0": 20.0, 
            "cross_support_density_image": "", 
            "cool_fan_speed_max": 100, 
            "infill_overlap_mm": 0.0, 
            "mesh_position_z": 0, 
            "support_roof_angles": "[ ]", 
            "support_interface_angles": "[ ]", 
            "acceleration_prime_tower": 2000, 
            "wall_line_count": 2, 
            "optimize_wall_printing_order": true, 
            "layer_height_0": 0.2, 
            "machine_extruder_start_pos_x": 330, 
            "small_feature_max_length": 0.0, 
            "small_feature_speed_factor_0": 50, 
            "material_flow_layer_0": 100, 
            "connect_infill_polygons": false, 
            "adaptive_layer_height_enabled": false, 
            "retraction_hop_enabled": true, 
            "meshfix_union_all": true, 
            "raft_interface_extruder_nr": 0, 
            "bridge_wall_material_flow": 100, 
            "raft_surface_fan_speed": 100, 
            "material_bed_temperature": 60, 
            "jerk_support": 20, 
            "raft_surface_acceleration": 3500, 
            "jerk_skirt_brim": 20, 
            "gradual_support_infill_step_height": 0.8, 
            "infill_before_walls": true, 
            "material_flow": 100, 
            "machine_height": 300, 
            "material_anti_ooze_retracted_position": -4, 
            "retraction_retract_speed": 45, 
            "wipe_move_distance": 20, 
            "machine_minimum_feedrate": 0.0, 
            "raft_fan_speed": 0, 
            "ooze_shield_enabled": false, 
            "meshfix_extensive_stitching": false, 
            "acceleration_roofing": 1000, 
            "material_extrusion_cool_down_speed": 0.7, 
            "support_type": "everywhere", 
            "ooze_shield_angle": 60, 
            "machine_heated_bed": true, 
            "bridge_wall_min_length": 2.4, 
            "support_xy_distance": 1, 
            "bridge_enable_more_layers": false, 
            "wipe_retraction_amount": 6.5, 
            "acceleration_infill": 3500, 
            "raft_surface_extruder_nr": 0, 
            "bridge_skin_density": 80, 
            "wipe_hop_speed": 10, 
            "lightning_infill_prune_angle": 40, 
            "cool_fan_speed_0": 0, 
            "material_print_temperature": 205, 
            "support_infill_extruder_nr": 0, 
            "print_sequence": "all_at_once", 
            "clean_between_layers": false, 
            "skirt_brim_minimal_length": 250, 
            "support_fan_enable": false, 
            "support_bottom_material_flow": 95.0, 
            "wireframe_straight_before_down": 20, 
            "support_interface_material_flow": 95.0, 
            "brim_line_count": 15, 
            "cooling": 0, 
            "jerk_support_interface": 20, 
            "bridge_settings_enabled": true, 
            "roofing_pattern": "lines", 
            "acceleration_topbottom": 1000, 
            "small_feature_speed_factor": 50, 
            "wireframe_printspeed_down": 5, 
            "material_maximum_park_duration": 7200, 
            "skin_material_flow_layer_0": 100, 
            "adaptive_layer_height_variation": 0.1, 
            "wall_0_material_flow_layer_0": 100, 
            "support_use_towers": false, 
            "prime_tower_wipe_enabled": true, 
            "bridge_fan_speed": 100, 
            "z_seam_relative": false, 
            "raft_interface_layers": 1, 
            "support_interface_density": 100, 
            "extruder_prime_pos_x": -3, 
            "retraction_hop": 2, 
            "material_break_temperature": 60, 
            "wireframe_flow": 100, 
            "machine_firmware_retract": false, 
            "infill_wipe_dist": 0, 
            "mold_angle": 40, 
            "support_interface_offset": 0, 
            "roofing_material_flow": 100, 
            "cool_fan_enabled": true, 
            "support_brim_width": 8.0, 
            "wireframe_up_half_speed": 0.3, 
            "support_interface_height": 0.4, 
            "raft_base_line_spacing": 1.6, 
            "jerk_wall_x": 20, 
            "switch_extruder_retraction_speeds": 20, 
            "bridge_skin_material_flow_2": 95.0, 
            "raft_interface_thickness": 0.25, 
            "bridge_sparse_infill_max_density": 0, 
            "support_bottom_pattern": "concentric", 
            "support_tree_collision_resolution": 0.2, 
            "support_infill_angles": "[ ]", 
            "support_material_flow": 100, 
            "top_skin_expand_distance": 0.8, 
            "speed_roofing": 40, 
            "support_bottom_enable": false, 
            "raft_base_thickness": 0.3, 
            "machine_max_acceleration_x": 9000, 
            "infill_support_enabled": false, 
            "cross_infill_density_image": "", 
            "infill_offset_y": 0, 
            "speed_support_infill": 50, 
            "material_bed_temperature_layer_0": 60, 
            "acceleration_enabled": true, 
            "meshfix_maximum_extrusion_area_deviation": 50000, 
            "relative_extrusion": false, 
            "bridge_skin_density_3": 100, 
            "meshfix_maximum_resolution": 0.6666666666666666, 
            "infill_mesh": false, 
            "material_shrinkage_percentage": 100.0, 
            "wireframe_flow_connection": 100, 
            "lightning_infill_straightening_angle": 40, 
            "wall_x_material_flow_layer_0": 100, 
            "infill_offset_x": 0, 
            "material_print_temperature_layer_0": 205, 
            "wireframe_drag_along": 0.6, 
            "wireframe_height": 3, 
            "min_even_wall_line_width": 0.34, 
            "support_bottom_angles": "[ ]", 
            "wall_distribution_count": 1, 
            "wireframe_nozzle_clearance": 1, 
            "support_brim_enable": false, 
            "infill_multiplier": 1, 
            "magic_fuzzy_skin_outside_only": false, 
            "infill_sparse_density": 80, 
            "skin_overlap": 20, 
            "bottom_layers": 4, 
            "machine_steps_per_mm_z": 50, 
            "wall_x_material_flow": 100, 
            "jerk_infill": 20, 
            "wall_line_width_x": 0.4, 
            "meshfix": 0, 
            "draft_shield_height_limitation": "full", 
            "machine_extruder_cooling_fan_number": 0, 
            "magic_fuzzy_skin_point_density": 1.25, 
            "machine_max_feedrate_e": 45, 
            "raft_base_wall_count": 1, 
            "extruder_prime_pos_abs": true
        }
    }, 
    "extruder_1": {
        "changes": {
            "infill_sparse_density": 80
        }, 
        "all_settings": {
            "gradual_infill_steps": 0, 
            "flow_rate_max_extrusion_offset": 0, 
            "support_bottom_stair_step_height": 0.3, 
            "lightning_infill_support_angle": 40, 
            "conical_overhang_hole_size": 0, 
            "machine_feeder_wheel_diameter": 10.0, 
            "command_line_settings": 0, 
            "material_flush_purge_length": 60, 
            "support_line_width": 0.4, 
            "machine_nozzle_id": "AA 0.4", 
            "magic_fuzzy_skin_point_dist": 0.8, 
            "max_skin_angle_for_expansion": 90, 
            "speed_support_interface": 40, 
            "acceleration_support_infill": 2000, 
            "infill_material_flow": 100, 
            "machine_disallowed_areas": [], 
            "machine_extruder_count": 2, 
            "cool_fan_speed_min": 100, 
            "machine_steps_per_mm_y": 50, 
            "machine_max_jerk_xy": 20.0, 
            "retraction_prime_speed": 45, 
            "wipe_pause": 0, 
            "xy_offset_layer_0": -0.020000000000000004, 
            "jerk_prime_tower": 20, 
            "machine_steps_per_mm_e": 1600, 
            "top_bottom_thickness": 0.8, 
            "wireframe_fall_down": 0.5, 
            "wireframe_top_delay": 0, 
            "raft_base_speed": 15, 
            "support_conical_angle": 30, 
            "roofing_angles": [], 
            "travel": 0, 
            "raft_surface_line_spacing": 0.4, 
            "machine_name": "Ultimaker S5", 
            "support_bottom_extruder_nr": 0, 
            "speed_equalize_flow_width_factor": 110.0, 
            "wipe_retraction_enable": true, 
            "support_bottom_height": 0.4, 
            "jerk_layer_0": 20, 
            "wireframe_enabled": false, 
            "smooth_spiralized_contours": true, 
            "support_bottom_stair_step_width": 5.0, 
            "machine_max_jerk_z": 0.4, 
            "support_bottom_density": 100, 
            "retraction_hop_after_extruder_switch_height": 2, 
            "material_end_of_filament_purge_length": 20, 
            "raft_speed": 15, 
            "raft_surface_layers": 2, 
            "material_adhesion_tendency": 0, 
            "support_top_distance": 0.4, 
            "meshfix_union_all_remove_holes": false, 
            "machine_max_acceleration_z": 100, 
            "mesh_position_x": 0, 
            "speed_topbottom": 40, 
            "machine_always_write_active_tool": false, 
            "cool_lift_head": false, 
            "jerk_wall_0": 20, 
            "switch_extruder_prime_speed": 20, 
            "wireframe_roof_inset": 3, 
            "retraction_count_max": 25, 
            "support_tree_max_diameter": 15, 
            "machine_acceleration": 3000, 
            "wall_line_width": 0.4, 
            "raft_interface_line_spacing": 0.8, 
            "speed_wall_x": 55, 
            "machine_endstop_positive_direction_z": true, 
            "skin_overlap_mm": 0.08, 
            "wall_line_width_0": 0.4, 
            "prime_tower_enable": false, 
            "machine_heat_zone_length": 16, 
            "mesh_rotation_matrix": "[[1,0,0], [0,1,0], [0,0,1]]", 
            "skirt_brim_material_flow": 100, 
            "raft_margin": 15, 
            "wall_thickness": 0.8, 
            "layer_start_x": 330.0, 
            "anti_overhang_mesh": false, 
            "acceleration_wall_0": 2000, 
            "support_initial_layer_line_distance": 2.6666666666666665, 
            "support_interface_skip_height": 0.2, 
            "prime_tower_min_volume": 6, 
            "ironing_enabled": false, 
            "speed_wall": 55, 
            "min_feature_size": 0.1, 
            "support_tower_diameter": 3.0, 
            "alternate_extra_perimeter": false, 
            "lightning_infill_overhang_angle": 40, 
            "small_hole_max_size": 0, 
            "draft_shield_dist": 10, 
            "support_brim_line_count": 17, 
            "acceleration_support_interface": 1000, 
            "support_angle": 60, 
            "speed_slowdown_layers": 2, 
            "retraction_hop_after_extruder_switch": true, 
            "acceleration_support_roof": 1000, 
            "prime_blob_enable": false, 
            "wireframe_flat_delay": 0.1, 
            "xy_offset": -0.020000000000000004, 
            "z_seam_x": 165.0, 
            "machine_max_jerk_e": 5.0, 
            "coasting_volume": 0.064, 
            "wireframe_printspeed_up": 5, 
            "mold_roof_height": 0.5, 
            "retraction_min_travel": 0.8, 
            "wipe_retraction_speed": 45, 
            "top_bottom_extruder_nr": "-1", 
            "machine_endstop_positive_direction_x": false, 
            "infill_line_width": 0.4, 
            "support_bottom_stair_step_min_slope": 10.0, 
            "bridge_fan_speed_2": 100, 
            "machine_depth": 240, 
            "nozzle_disallowed_areas": [], 
            "infill_wall_line_count": 0, 
            "material_no_load_move_factor": 0.91, 
            "skin_edge_support_layers": 0, 
            "acceleration_wall_x": 2000, 
            "machine_nozzle_expansion_angle": 45, 
            "extruder_prime_pos_z": 2, 
            "zig_zaggify_support": true, 
            "support_roof_enable": false, 
            "support_meshes_present": false, 
            "raft_interface_acceleration": 3500, 
            "brim_width": 7, 
            "machine_start_gcode": "", 
            "draft_shield_enabled": false, 
            "min_wall_line_width": 0.34, 
            "support_roof_line_distance": 0.4, 
            "machine_show_variants": false, 
            "support_roof_line_width": 0.4, 
            "retraction_extrusion_window": 1, 
            "cool_min_speed": 5, 
            "mesh_position_y": 0, 
            "retraction_combing": "no_outer_surfaces", 
            "skin_monotonic": false, 
            "retraction_hop_only_when_collides": true, 
            "machine_extruders_shared_nozzle_initial_retraction": 0, 
            "material_shrinkage_percentage_z": 100.1, 
            "machine_extruder_end_pos_abs": true, 
            "machine_nozzle_cool_down_speed": 0.75, 
            "carve_multiple_volumes": true, 
            "skirt_line_count": 1, 
            "material_guid": "506c9f0d-e3aa-4bd4-b2d2-23e2425b1aa9", 
            "wireframe_printspeed_bottom": 5, 
            "material_print_temp_prepend": true, 
            "support_zag_skip_count": 8, 
            "prime_tower_flow": 100, 
            "material_alternate_walls": false, 
            "support_roof_pattern": "concentric", 
            "machine_end_gcode": "", 
            "support_offset": 0, 
            "prime_tower_position_y": 207.64, 
            "support_bottom_line_distance": 0.4, 
            "wall_extruder_nr": "-1", 
            "wall_transition_angle": 10, 
            "support_connect_zigzags": true, 
            "wall_0_extruder_nr": "-1", 
            "support_interface_enable": false, 
            "switch_extruder_extra_prime_amount": 0, 
            "wireframe_top_jump": 0.6, 
            "infill_sparse_thickness": 0.2, 
            "machine_extruders_share_nozzle": false, 
            "machine_scale_fan_speed_zero_to_one": false, 
            "sub_div_rad_add": 0.4, 
            "raft_jerk": 20, 
            "bridge_skin_speed_2": 40, 
            "infill": 0, 
            "skin_material_flow": 95.0, 
            "machine_min_cool_heat_time_window": 15, 
            "flow_rate_extrusion_offset_factor": 100, 
            "machine_nozzle_size": 0.4, 
            "wall_material_flow": 100, 
            "material_break_preparation_speed": 50, 
            "coasting_min_volume": 0.8, 
            "gantry_height": 55, 
            "raft_remove_inside_corners": false, 
            "support": 0, 
            "speed_wall_0": 50, 
            "limit_support_retractions": true, 
            "material_crystallinity": false, 
            "speed_prime_tower": 40, 
            "support_tower_roof_angle": 65, 
            "support_mesh": false, 
            "machine_use_extruder_offset_to_offset_coords": true, 
            "machine_max_feedrate_y": 300, 
            "z_seam_corner": "z_seam_corner_inner", 
            "jerk_roofing": 20, 
            "wall_overhang_speed_factor": 100, 
            "speed": 0, 
            "speed_support_roof": 40, 
            "conical_overhang_enabled": false, 
            "support_xy_overrides_z": "z_overrides_xy", 
            "jerk_wall": 20, 
            "material_surface_energy": 100, 
            "acceleration_layer_0": 1000, 
            "skin_angles": [], 
            "wipe_repeat_count": 5, 
            "jerk_print": 20, 
            "support_roof_offset": 0, 
            "magic_fuzzy_skin_enabled": false, 
            "retraction_amount": 6.5, 
            "machine_settings": 0, 
            "layer_0_z_overlap": 0.125, 
            "max_extrusion_before_wipe": 10, 
            "bottom_skin_preshrink": 0.8, 
            "wipe_hop_enable": true, 
            "raft_smoothing": 5, 
            "brim_outside_only": true, 
            "raft_surface_speed": 40, 
            "roofing_layer_count": 1, 
            "material_break_retracted_position": -50, 
            "material_flow_dependent_temperature": false, 
            "machine_extruder_end_pos_y": 219, 
            "prime_tower_line_width": 0.4, 
            "support_tree_angle": 40, 
            "skirt_gap": 3, 
            "resolution": 0, 
            "gradual_infill_step_height": 1.5, 
            "support_roof_density": 100, 
            "hole_xy_offset": 0, 
            "ironing_inset": 0.38, 
            "skirt_brim_line_width": 0.4, 
            "bridge_skin_material_flow": 95.0, 
            "raft_interface_fan_speed": 50.0, 
            "wall_overhang_angle": 90, 
            "speed_print": 70, 
            "support_infill_rate": 15, 
            "wipe_hop_amount": 2, 
            "machine_gcode_flavor": "Griffin", 
            "wireframe_bottom_delay": 0, 
            "mold_enabled": false, 
            "retraction_enable": true, 
            "dual": 0, 
            "wipe_retraction_extra_prime_amount": 0, 
            "retraction_speed": 45, 
            "machine_max_feedrate_x": 300, 
            "wall_transition_filter_deviation": 0.1, 
            "experimental": 0, 
            "prime_tower_size": 20, 
            "minimum_interface_area": 1.0, 
            "infill_angles": "[ ]", 
            "travel_avoid_distance": 3, 
            "brim_replaces_support": true, 
            "material_shrinkage_percentage_xy": 100.2, 
            "minimum_polygon_circumference": 1.0, 
            "bridge_fan_speed_3": 100, 
            "extruders_enabled_count": 2, 
            "machine_buildplate_type": "glass", 
            "infill_support_angle": 40, 
            "min_odd_wall_line_width": 0.34, 
            "speed_travel_layer_0": 21.428571428571427, 
            "ironing_flow": 10.0, 
            "skirt_brim_speed": 10, 
            "support_wall_count": 0, 
            "material_flow_temp_graph": "[[3.5,200],[7.0,240]]", 
            "alternate_carve_order": true, 
            "machine_heated_build_volume": true, 
            "cool_fan_speed": 100, 
            "adaptive_layer_height_threshold": 0.2, 
            "raft_interface_line_width": 0.6000000000000001, 
            "connect_skin_polygons": false, 
            "machine_extruder_start_pos_y": 219, 
            "meshfix_keep_open_polygons": false, 
            "material_bed_temp_wait": true, 
            "material_print_temp_wait": true, 
            "raft_acceleration": 3500, 
            "travel_avoid_other_parts": true, 
            "retraction_combing_max_distance": 0, 
            "machine_nozzle_heat_up_speed": 1.6, 
            "layer_height": 0.2, 
            "material_break_preparation_retracted_position": -16, 
            "wireframe_flow_flat": 100, 
            "roofing_monotonic": true, 
            "top_thickness": 0.8, 
            "raft_base_jerk": 20, 
            "support_extruder_nr": 0, 
            "acceleration_wall": 2000, 
            "acceleration_skirt_brim": 1000, 
            "initial_bottom_layers": 4, 
            "raft_airgap": 0.25, 
            "raft_surface_line_width": 0.4, 
            "support_roof_extruder_nr": 0, 
            "machine_head_with_fans_polygon": [
                [
                    -41.4, 
                    -45.8
                ], 
                [
                    -41.4, 
                    36.0
                ], 
                [
                    63.3, 
                    36.0
                ], 
                [
                    63.3, 
                    -45.8
                ]
            ], 
            "raft_base_extruder_nr": 0, 
            "speed_print_layer_0": 10, 
            "support_roof_height": 0.4, 
            "raft_surface_jerk": 20, 
            "wireframe_roof_fall_down": 2, 
            "support_tree_branch_diameter": 2, 
            "inset_direction": "outside_in", 
            "bottom_thickness": 0.8, 
            "bridge_wall_speed": 40, 
            "skin_line_width": 0.4, 
            "z_seam_type": "sharpest_corner", 
            "machine_max_acceleration_y": 9000, 
            "support_tree_branch_distance": 1, 
            "bridge_skin_support_threshold": 50, 
            "support_skip_zag_per_mm": 20, 
            "cool_min_layer_time": 5, 
            "machine_nozzle_temp_enabled": true, 
            "support_interface_extruder_nr": 0, 
            "support_join_distance": 2.0, 
            "support_z_distance": 0.4, 
            "infill_randomize_start_location": false, 
            "line_width": 0.4, 
            "cutting_mesh": false, 
            "raft_base_fan_speed": 0, 
            "prime_tower_position_x": 297.64000000000004, 
            "top_bottom_pattern_0": "lines", 
            "magic_mesh_surface_mode": "normal", 
            "support_enable": true, 
            "wipe_retraction_prime_speed": 45, 
            "default_material_bed_temperature": 60, 
            "build_volume_temperature": 28, 
            "speed_layer_0": 10, 
            "min_bead_width": 0.34, 
            "jerk_support_bottom": 20, 
            "support_pattern": "zigzag", 
            "support_infill_sparse_thickness": 0.2, 
            "min_infill_area": 0, 
            "support_conical_enabled": false, 
            "infill_overlap": 0, 
            "jerk_ironing": 20, 
            "extruder_prime_pos_y": 6, 
            "remove_empty_first_layers": true, 
            "retract_at_layer_change": false, 
            "machine_shape": "rectangular", 
            "cool_min_layer_time_fan_speed_max": 10, 
            "zig_zaggify_infill": true, 
            "brim_gap": 0, 
            "layer_start_y": 228.0, 
            "material_end_of_filament_purge_speed": 0.5, 
            "multiple_mesh_overlap": 0, 
            "machine_extruder_start_pos_abs": true, 
            "ironing_line_spacing": 0.1, 
            "jerk_travel_enabled": false, 
            "support_interface_line_width": 0.4, 
            "speed_ironing": 26.666666666666668, 
            "support_xy_distance_overhang": 0.2, 
            "extruder_nr": 1, 
            "machine_max_acceleration_e": 10000, 
            "bottom_skin_expand_distance": 0.8, 
            "roofing_extruder_nr": "-1", 
            "wireframe_roof_outer_delay": 0.2, 
            "acceleration_ironing": 1000, 
            "top_bottom": 0, 
            "speed_travel": 150, 
            "mold_width": 5, 
            "top_bottom_pattern": "lines", 
            "retraction_extra_prime_amount": 0, 
            "skin_outline_count": 1, 
            "machine_max_feedrate_z": 40, 
            "bridge_skin_speed": 40, 
            "min_skin_width_for_expansion": 4.898587196589413e-17, 
            "machine_width": 330, 
            "material_initial_print_temperature": 195, 
            "coasting_speed": 90, 
            "infill_line_distance": 1.5, 
            "machine_extruder_end_pos_x": 330, 
            "wireframe_printspeed": 5, 
            "skirt_brim_extruder_nr": 0, 
            "acceleration_print": 3500, 
            "support_conical_min_width": 5.0, 
            "infill_enable_travel_optimization": false, 
            "travel_retract_before_outer_wall": false, 
            "raft_surface_thickness": 0.2, 
            "top_skin_preshrink": 0.8, 
            "shell": 0, 
            "acceleration_support_bottom": 1000, 
            "support_bottom_distance": 0.2, 
            "center_object": false, 
            "wipe_brush_pos_x": 100, 
            "jerk_print_layer_0": 20, 
            "raft_base_acceleration": 3500, 
            "material_bed_temp_prepend": true, 
            "support_supported_skin_fan_speed": 100, 
            "z_seam_position": "back", 
            "z_seam_y": 240, 
            "wall_0_material_flow": 100, 
            "machine_nozzle_offset_y": 0, 
            "travel_avoid_supports": false, 
            "skin_preshrink": 0.8, 
            "bridge_skin_density_2": 100, 
            "ironing_pattern": "zigzag", 
            "raft_interface_jerk": 20, 
            "default_material_print_temperature": 200, 
            "support_tree_branch_diameter_angle": 5, 
            "expand_skins_expand_distance": 0.8, 
            "material_break_speed": 25, 
            "raft_interface_speed": 27.5, 
            "acceleration_travel_enabled": false, 
            "acceleration_support": 2000, 
            "blackmagic": 0, 
            "coasting_enable": false, 
            "machine_center_is_zero": false, 
            "fill_outline_gaps": true, 
            "support_line_distance": 2.6666666666666665, 
            "machine_nozzle_tip_outer_diameter": 1.0, 
            "support_tower_maximum_supported_diameter": 3.0, 
            "bridge_skin_speed_3": 40, 
            "speed_infill": 70, 
            "roofing_line_width": 0.4, 
            "material_flush_purge_speed": 0.5, 
            "raft_base_line_width": 0.8, 
            "infill_mesh_order": 0, 
            "jerk_travel": 20, 
            "support_bottom_offset": 0, 
            "adhesion_type": "brim", 
            "switch_extruder_retraction_speed": 20, 
            "machine_endstop_positive_direction_y": false, 
            "minimum_support_area": 4, 
            "gradual_support_infill_steps": 0, 
            "speed_support_bottom": 40, 
            "magic_fuzzy_skin_thickness": 0.3, 
            "wall_x_extruder_nr": "-1", 
            "switch_extruder_retraction_amount": 16, 
            "skin_no_small_gaps_heuristic": false, 
            "material_final_print_temperature": 190, 
            "material_diameter": 2.85, 
            "skin_edge_support_thickness": 0, 
            "prime_tower_brim_enable": false, 
            "support_interface_pattern": "concentric", 
            "wireframe_roof_drag_along": 0.8, 
            "wipe_retraction_retract_speed": 45, 
            "minimum_bottom_area": 1.0, 
            "wall_transition_length": 0.4, 
            "infill_pattern": "triangles", 
            "slicing_tolerance": "middle", 
            "machine_nozzle_offset_x": 22, 
            "speed_support": 50, 
            "meshfix_maximum_deviation": 0.04, 
            "material_standby_temperature": 100, 
            "bridge_wall_coast": 0, 
            "ironing_monotonic": false, 
            "material": 0, 
            "cross_infill_pocket_size": 1.5, 
            "machine_steps_per_mm_x": 50, 
            "bridge_skin_material_flow_3": 95.0, 
            "jerk_support_roof": 20, 
            "wall_0_wipe_dist": 0.2, 
            "infill_extruder_nr": "-1", 
            "meshfix_maximum_travel_resolution": 0.8, 
            "acceleration_travel": 2000, 
            "cool_fan_full_layer": 4, 
            "acceleration_print_layer_0": 1000, 
            "ooze_shield_dist": 2, 
            "machine_extruder_end_code": "", 
            "jerk_support_infill": 20, 
            "support_skip_some_zags": false, 
            "support_structure": "normal", 
            "draft_shield_height": 10, 
            "material_anti_ooze_retraction_speed": 50, 
            "support_roof_material_flow": 95.0, 
            "support_mesh_drop_down": true, 
            "material_break_preparation_temperature": 210, 
            "adhesion_extruder_nr": 0, 
            "wall_0_inset": 0, 
            "ironing_only_highest_layer": false, 
            "cool_fan_full_at_height": 0.6000000000000001, 
            "conical_overhang_angle": 50, 
            "wireframe_strategy": "compensate", 
            "support_bottom_line_width": 0.4, 
            "minimum_roof_area": 1.0, 
            "magic_spiralize": false, 
            "support_extruder_nr_layer_0": 0, 
            "wireframe_printspeed_flat": 5, 
            "top_layers": 4, 
            "adaptive_layer_height_variation_step": 0.01, 
            "wall_transition_filter_distance": 100, 
            "acceleration_travel_layer_0": 571.4285714285714, 
            "machine_extruders_share_heater": false, 
            "jerk_enabled": true, 
            "speed_z_hop": 10, 
            "machine_extruder_start_code": "", 
            "jerk_topbottom": 20, 
            "machine_nozzle_head_distance": 3, 
            "platform_adhesion": 0, 
            "initial_layer_line_width_factor": 120, 
            "jerk_travel_layer_0": 20.0, 
            "cross_support_density_image": "", 
            "cool_fan_speed_max": 100, 
            "infill_overlap_mm": 0.0, 
            "mesh_position_z": 0, 
            "support_roof_angles": "[ ]", 
            "support_interface_angles": "[ ]", 
            "acceleration_prime_tower": 2000, 
            "wall_line_count": 2, 
            "optimize_wall_printing_order": true, 
            "layer_height_0": 0.2, 
            "machine_extruder_start_pos_x": 330, 
            "small_feature_max_length": 0.0, 
            "small_feature_speed_factor_0": 50, 
            "material_flow_layer_0": 100, 
            "connect_infill_polygons": false, 
            "adaptive_layer_height_enabled": false, 
            "retraction_hop_enabled": true, 
            "meshfix_union_all": true, 
            "raft_interface_extruder_nr": 0, 
            "bridge_wall_material_flow": 100, 
            "raft_surface_fan_speed": 100, 
            "material_bed_temperature": 60, 
            "jerk_support": 20, 
            "raft_surface_acceleration": 3500, 
            "jerk_skirt_brim": 20, 
            "gradual_support_infill_step_height": 0.8, 
            "infill_before_walls": true, 
            "material_flow": 100, 
            "machine_height": 300, 
            "material_anti_ooze_retracted_position": -4, 
            "retraction_retract_speed": 45, 
            "wipe_move_distance": 20, 
            "machine_minimum_feedrate": 0.0, 
            "raft_fan_speed": 0, 
            "ooze_shield_enabled": false, 
            "meshfix_extensive_stitching": false, 
            "acceleration_roofing": 1000, 
            "material_extrusion_cool_down_speed": 0.7, 
            "support_type": "everywhere", 
            "ooze_shield_angle": 60, 
            "machine_heated_bed": true, 
            "bridge_wall_min_length": 2.4, 
            "support_xy_distance": 1, 
            "bridge_enable_more_layers": false, 
            "wipe_retraction_amount": 6.5, 
            "acceleration_infill": 3500, 
            "raft_surface_extruder_nr": 0, 
            "bridge_skin_density": 80, 
            "wipe_hop_speed": 10, 
            "lightning_infill_prune_angle": 40, 
            "cool_fan_speed_0": 0, 
            "material_print_temperature": 205, 
            "support_infill_extruder_nr": 0, 
            "print_sequence": "all_at_once", 
            "clean_between_layers": false, 
            "skirt_brim_minimal_length": 250, 
            "support_fan_enable": false, 
            "support_bottom_material_flow": 95.0, 
            "wireframe_straight_before_down": 20, 
            "support_interface_material_flow": 95.0, 
            "brim_line_count": 15, 
            "cooling": 0, 
            "jerk_support_interface": 20, 
            "bridge_settings_enabled": true, 
            "roofing_pattern": "lines", 
            "acceleration_topbottom": 1000, 
            "small_feature_speed_factor": 50, 
            "wireframe_printspeed_down": 5, 
            "material_maximum_park_duration": 7200, 
            "skin_material_flow_layer_0": 100, 
            "adaptive_layer_height_variation": 0.1, 
            "wall_0_material_flow_layer_0": 100, 
            "support_use_towers": false, 
            "prime_tower_wipe_enabled": true, 
            "bridge_fan_speed": 100, 
            "z_seam_relative": false, 
            "raft_interface_layers": 1, 
            "support_interface_density": 100, 
            "extruder_prime_pos_x": 333, 
            "retraction_hop": 2, 
            "material_break_temperature": 60, 
            "wireframe_flow": 100, 
            "machine_firmware_retract": false, 
            "infill_wipe_dist": 0, 
            "mold_angle": 40, 
            "support_interface_offset": 0, 
            "roofing_material_flow": 100, 
            "cool_fan_enabled": true, 
            "support_brim_width": 8.0, 
            "wireframe_up_half_speed": 0.3, 
            "support_interface_height": 0.4, 
            "raft_base_line_spacing": 1.6, 
            "jerk_wall_x": 20, 
            "switch_extruder_retraction_speeds": 20, 
            "bridge_skin_material_flow_2": 95.0, 
            "raft_interface_thickness": 0.25, 
            "bridge_sparse_infill_max_density": 0, 
            "support_bottom_pattern": "concentric", 
            "support_tree_collision_resolution": 0.2, 
            "support_infill_angles": "[ ]", 
            "support_material_flow": 100, 
            "top_skin_expand_distance": 0.8, 
            "speed_roofing": 40, 
            "support_bottom_enable": false, 
            "raft_base_thickness": 0.3, 
            "machine_max_acceleration_x": 9000, 
            "infill_support_enabled": false, 
            "cross_infill_density_image": "", 
            "infill_offset_y": 0, 
            "speed_support_infill": 50, 
            "material_bed_temperature_layer_0": 60, 
            "acceleration_enabled": true, 
            "meshfix_maximum_extrusion_area_deviation": 50000, 
            "relative_extrusion": false, 
            "bridge_skin_density_3": 100, 
            "meshfix_maximum_resolution": 0.6666666666666666, 
            "infill_mesh": false, 
            "material_shrinkage_percentage": 100.0, 
            "wireframe_flow_connection": 100, 
            "lightning_infill_straightening_angle": 40, 
            "wall_x_material_flow_layer_0": 100, 
            "infill_offset_x": 0, 
            "material_print_temperature_layer_0": 205, 
            "wireframe_drag_along": 0.6, 
            "wireframe_height": 3, 
            "min_even_wall_line_width": 0.34, 
            "support_bottom_angles": "[ ]", 
            "wall_distribution_count": 1, 
            "wireframe_nozzle_clearance": 1, 
            "support_brim_enable": false, 
            "infill_multiplier": 1, 
            "magic_fuzzy_skin_outside_only": false, 
            "infill_sparse_density": 80, 
            "skin_overlap": 20, 
            "bottom_layers": 4, 
            "machine_steps_per_mm_z": 50, 
            "wall_x_material_flow": 100, 
            "jerk_infill": 20, 
            "wall_line_width_x": 0.4, 
            "meshfix": 0, 
            "draft_shield_height_limitation": "full", 
            "machine_extruder_cooling_fan_number": 0, 
            "magic_fuzzy_skin_point_density": 1.25, 
            "machine_max_feedrate_e": 45, 
            "raft_base_wall_count": 1, 
            "extruder_prime_pos_abs": true
        }
    }
}